{
  "lang":"en",
  "name":"pipeline",
  "version":"0.0.0",
  "spacy_version":">=3.2.6,<3.3.0",
  "description":"",
  "author":"",
  "email":"",
  "url":"",
  "license":"",
  "spacy_git_version":"0fc87f64b",
  "vectors":{
    "width":0,
    "vectors":0,
    "keys":0,
    "name":null,
    "mode":"default"
  },
  "labels":{
    "tok2vec":[

    ],
    "ner":[
      "COLOR",
      "FOOD",
      "PART",
      "PHYSICAL_QUALITY",
      "PROCESS",
      "PURPOSE",
      "QUANTITY",
      "TASTE",
      "UNIT"
    ]
  },
  "pipeline":[
    "tok2vec",
    "ner"
  ],
  "components":[
    "tok2vec",
    "ner"
  ],
  "disabled":[

  ],
  "performance":{
    "ents_f":0.9181132075,
    "ents_p":0.9188066465,
    "ents_r":0.9174208145,
    "ents_per_type":{
      "PHYSICAL_QUALITY":{
        "p":0.7454545455,
        "r":0.7884615385,
        "f":0.7663551402
      },
      "FOOD":{
        "p":0.8785982478,
        "r":0.8764044944,
        "f":0.8775
      },
      "QUANTITY":{
        "p":0.9787234043,
        "r":0.9839572193,
        "f":0.9813333333
      },
      "UNIT":{
        "p":0.9738988581,
        "r":0.9660194175,
        "f":0.9699431357
      },
      "COLOR":{
        "p":0.8541666667,
        "r":0.8367346939,
        "f":0.8453608247
      },
      "PART":{
        "p":0.7142857143,
        "r":0.3333333333,
        "f":0.4545454545
      },
      "TASTE":{
        "p":0.7142857143,
        "r":0.75,
        "f":0.7317073171
      },
      "PROCESS":{
        "p":0.8917748918,
        "r":0.8803418803,
        "f":0.8860215054
      },
      "PURPOSE":{
        "p":0.6666666667,
        "r":0.7272727273,
        "f":0.6956521739
      }
    },
    "tok2vec_loss":682.7949694779,
    "ner_loss":401.7137175537
  }
}