{
  "lang":"en",
  "name":"pipeline",
  "version":"0.0.0",
  "spacy_version":">=3.2.6,<3.3.0",
  "description":"",
  "author":"",
  "email":"",
  "url":"",
  "license":"",
  "spacy_git_version":"0fc87f64b",
  "vectors":{
    "width":0,
    "vectors":0,
    "keys":0,
    "name":null,
    "mode":"default"
  },
  "labels":{
    "tok2vec":[

    ],
    "ner":[
      "COLOR",
      "FOOD",
      "PART",
      "PHYSICAL_QUALITY",
      "PROCESS",
      "PURPOSE",
      "QUANTITY",
      "TASTE",
      "UNIT"
    ]
  },
  "pipeline":[
    "tok2vec",
    "ner"
  ],
  "components":[
    "tok2vec",
    "ner"
  ],
  "disabled":[

  ],
  "performance":{
    "ents_f":0.9218277946,
    "ents_p":0.9232223903,
    "ents_r":0.9204374057,
    "ents_per_type":{
      "PHYSICAL_QUALITY":{
        "p":0.7792207792,
        "r":0.7692307692,
        "f":0.7741935484
      },
      "FOOD":{
        "p":0.8751545117,
        "r":0.8838951311,
        "f":0.8795031056
      },
      "QUANTITY":{
        "p":0.9800266312,
        "r":0.9839572193,
        "f":0.981987992
      },
      "UNIT":{
        "p":0.9770114943,
        "r":0.9627831715,
        "f":0.9698451508
      },
      "COLOR":{
        "p":0.9545454545,
        "r":0.8571428571,
        "f":0.9032258065
      },
      "PART":{
        "p":0.8571428571,
        "r":0.4,
        "f":0.5454545455
      },
      "TASTE":{
        "p":0.6666666667,
        "r":0.8,
        "f":0.7272727273
      },
      "PROCESS":{
        "p":0.8936170213,
        "r":0.8974358974,
        "f":0.8955223881
      },
      "PURPOSE":{
        "p":0.7272727273,
        "r":0.7272727273,
        "f":0.7272727273
      }
    },
    "tok2vec_loss":745.9745258684,
    "ner_loss":1184.8546252817
  }
}